-0.93784375010451249,1.0000860992726175,-1.341921193614668,-1.3137367676731038,0
-1.1752725475993244,-0.13637537717354231,-1.341921193614668,-1.3137367676731038,0
-1.4127013450941373,0.31820921340492198,-1.3979318173481496,-1.3137367676731038,0
-1.5314157438415443,0.090916918115689832,-1.2859105698811863,-1.3137367676731038,0
-1.0565581488519185,1.2273783945618495,-1.341921193614668,-1.3137367676731038,0
-0.58170055386229258,1.9092552804295451,-1.1738893224142228,-1.0485586144001475,0
-1.5314157438415443,0.77279380398338526,-1.341921193614668,-1.1811476910366254,0
-1.0565581488519185,0.77279380398338526,-1.2859105698811863,-1.3137367676731038,0
-1.7688445413363563,-0.36366767246277448,-1.341921193614668,-1.3137367676731038,0
-1.1752725475993244,0.090916918115689832,-1.2859105698811863,-1.4463258443095814,0
-0.58170055386229258,1.4546706898510817,-1.2859105698811863,-1.3137367676731038,0
-1.2939869463467313,0.77279380398338526,-1.2298999461477045,-1.3137367676731038,0
-1.2939869463467313,-0.13637537717354231,-1.341921193614668,-1.4463258443095814,0
-1.8875589400837633,-0.13637537717354231,-1.5099530648151132,-1.4463258443095814,0
-0.10684295887266768,2.1365475757187773,-1.4539424410816317,-1.3137367676731038,0
-0.22555735762007362,3.0457167568757058,-1.2859105698811863,-1.0485586144001475,0
-0.58170055386229258,1.9092552804295451,-1.3979318173481496,-1.0485586144001475,0
-0.93784375010451249,1.0000860992726175,-1.341921193614668,-1.1811476910366254,0
-0.22555735762007362,1.6819629851403128,-1.1738893224142228,-1.1811476910366254,0
-0.93784375010451249,1.6819629851403128,-1.2859105698811863,-1.1811476910366254,0
-0.58170055386229258,0.77279380398338526,-1.1738893224142228,-1.3137367676731038,0
-0.93784375010451249,1.4546706898510817,-1.2859105698811863,-1.0485586144001475,0
-1.5314157438415443,1.2273783945618495,-1.565963688548595,-1.3137367676731038,0
-0.93784375010451249,0.54550150869415315,-1.1738893224142228,-0.91596953776366941,0
-1.2939869463467313,0.77279380398338526,-1.0618680749472593,-1.3137367676731038,0
-1.0565581488519185,-0.13637537717354231,-1.2298999461477045,-1.3137367676731038,0
-1.0565581488519185,0.77279380398338526,-1.2298999461477045,-1.0485586144001475,0
-0.81912935135710552,1.0000860992726175,-1.2859105698811863,-1.3137367676731038,0
-0.81912935135710552,0.77279380398338526,-1.341921193614668,-1.3137367676731038,0
-1.4127013450941373,0.31820921340492198,-1.2298999461477045,-1.3137367676731038,0
-1.2939869463467313,0.090916918115689832,-1.2298999461477045,-1.3137367676731038,0
-0.58170055386229258,0.77279380398338526,-1.2859105698811863,-1.0485586144001475,0
-0.81912935135710552,2.3638398710080084,-1.2859105698811863,-1.4463258443095814,0
-0.46298615511488656,2.5911321662972413,-1.341921193614668,-1.3137367676731038,0
-1.1752725475993244,0.090916918115689832,-1.2859105698811863,-1.4463258443095814,0
-1.0565581488519185,0.31820921340492198,-1.4539424410816317,-1.3137367676731038,0
-0.46298615511488656,1.0000860992726175,-1.3979318173481496,-1.3137367676731038,0
-1.1752725475993244,0.090916918115689832,-1.2859105698811863,-1.4463258443095814,0
-1.7688445413363563,-0.13637537717354231,-1.3979318173481496,-1.3137367676731038,0
-0.93784375010451249,0.77279380398338526,-1.2859105698811863,-1.3137367676731038,0
1.3177298260962089,0.31820921340492198,0.50642938959023021,0.27733215196463307,1
0.60544343361177122,0.31820921340492198,0.39440814212326664,0.40992122860111124,1
1.199015427348803,0.090916918115689832,0.61845063705719383,0.40992122860111124,1
-0.46298615511488656,-1.7274214441981663,0.11435502345585782,0.14474307532815517,1
0.72415783235917719,-0.59095996775200665,0.45041876585674817,0.40992122860111124,1
-0.22555735762007362,-0.59095996775200665,0.39440814212326664,0.14474307532815517,1
0.4867290348643642,0.54550150869415315,0.50642938959023021,0.54251030523758947,1
-1.1752725475993244,-1.5001291489089341,-0.27771934267851461,-0.25302415458127908,1
0.84287223110658305,-0.36366767246277448,0.45041876585674817,0.14474307532815517,1
-0.81912935135710552,-0.81825226304123777,0.058344399722376004,0.27733215196463307,1
-1.0565581488519185,-2.4092983300658619,-0.16569809521155099,-0.25302415458127908,1
0.011871439874739329,-0.13637537717354231,0.22637627092282145,0.40992122860111124,1
0.13058583862214529,-1.9547137394873975,0.11435502345585782,-0.25302415458127908,1
0.24930023736955123,-0.36366767246277448,0.50642938959023021,0.27733215196463307,1
-0.34427175636748064,-0.36366767246277448,-0.10968747147806918,0.14474307532815517,1
0.96158662985399013,0.090916918115689832,0.33839751838978505,0.27733215196463307,1
-0.34427175636748064,-0.13637537717354231,0.39440814212326664,0.40992122860111124,1
-0.10684295887266768,-0.81825226304123777,0.17036564718933939,-0.25302415458127908,1
0.36801463611695823,-1.9547137394873975,0.39440814212326664,0.40992122860111124,1
-0.34427175636748064,-1.2728368536197021,0.058344399722376004,-0.12043507794480089,1
0.011871439874739329,0.31820921340492198,0.56244001332371185,0.80768845851054549,1
0.24930023736955123,-0.59095996775200665,0.11435502345585782,0.14474307532815517,1
0.4867290348643642,-1.2728368536197021,0.61845063705719383,0.40992122860111124,1
0.24930023736955123,-0.59095996775200665,0.50642938959023021,0.012153998691676994,1
0.60544343361177122,-0.36366767246277448,0.28238689465630301,0.14474307532815517,1
0.84287223110658305,-0.13637537717354231,0.33839751838978505,0.27733215196463307,1
1.0803010286013961,-0.59095996775200665,0.56244001332371185,0.27733215196463307,1
0.96158662985399013,-0.13637537717354231,0.67446126079067548,0.67509938187406737,1
0.13058583862214529,-0.36366767246277448,0.39440814212326664,0.40992122860111124,1
-0.22555735762007362,-1.0455445583304699,-0.16569809521155099,-0.25302415458127908,1
-0.46298615511488656,-1.5001291489089341,0.0023337759888941946,-0.12043507794480089,1
-0.46298615511488656,-1.5001291489089341,-0.053676847744587371,-0.25302415458127908,1
-0.10684295887266768,-0.81825226304123777,0.058344399722376004,0.012153998691676994,1
0.13058583862214529,-0.81825226304123777,0.73047188452415701,0.54251030523758947,1
-0.58170055386229258,-0.13637537717354231,0.39440814212326664,0.40992122860111124,1
0.13058583862214529,0.77279380398338526,0.39440814212326664,0.54251030523758947,1
0.96158662985399013,0.090916918115689832,0.50642938959023021,0.40992122860111124,1
0.4867290348643642,-1.7274214441981663,0.33839751838978505,0.14474307532815517,1
-0.34427175636748064,-0.13637537717354231,0.17036564718933939,0.14474307532815517,1
-0.46298615511488656,-1.2728368536197021,0.11435502345585782,0.14474307532815517,1
0.4867290348643642,0.54550150869415315,1.234567498125493,1.7358119949658919,2
-0.10684295887266768,-0.81825226304123777,0.73047188452415701,0.94027753514702339,2
1.4364442248436149,-0.13637537717354231,1.1785568743920114,1.2054556884199799,2
0.4867290348643642,-0.36366767246277448,1.0105250031915658,0.80768845851054549,2
0.72415783235917719,-0.13637537717354231,1.1225462506585295,1.338044765056458,2
2.0300162185806467,-0.13637537717354231,1.5706312405263834,1.2054556884199799,2
-1.1752725475993244,-1.2728368536197021,0.39440814212326664,0.67509938187406737,2
1.6738730223384279,-0.36366767246277448,1.4025993693259382,0.80768845851054549,2
0.96158662985399013,-1.2728368536197021,1.1225462506585295,0.80768845851054549,2
1.555158623591022,1.2273783945618495,1.2905781218589747,1.7358119949658919,2
0.72415783235917719,0.31820921340492198,0.73047188452415701,1.0728666117835015,2
0.60544343361177122,-0.81825226304123777,0.84249313199112064,0.94027753514702339,2
1.0803010286013961,-0.13637537717354231,0.95451437945808426,1.2054556884199799,2
-0.22555735762007362,-1.2728368536197021,0.67446126079067548,1.0728666117835015,2
-0.10684295887266768,-0.59095996775200665,0.73047188452415701,1.6032229183294138,2
0.60544343361177122,0.31820921340492198,0.84249313199112064,1.4706338416929357,2
0.72415783235917719,-0.13637537717354231,0.95451437945808426,0.80768845851054549,2
2.1487306173280536,1.6819629851403128,1.6266418642598655,1.338044765056458,2
2.1487306173280536,-1.0455445583304699,1.7386631117268292,1.4706338416929357,2
0.13058583862214529,-1.9547137394873975,0.67446126079067548,0.40992122860111124,2
1.199015427348803,0.31820921340492198,1.0665356269250479,1.4706338416929357,2
-0.34427175636748064,-0.59095996775200665,0.61845063705719383,1.0728666117835015,2
2.1487306173280536,-0.59095996775200665,1.6266418642598655,1.0728666117835015,2
0.4867290348643642,-0.81825226304123777,0.61845063705719383,0.80768845851054549,2
0.96158662985399013,0.54550150869415315,1.0665356269250479,1.2054556884199799,2
1.555158623591022,0.31820921340492198,1.234567498125493,0.80768845851054549,2
0.36801463611695823,-0.59095996775200665,0.56244001332371185,0.80768845851054549,2
0.24930023736955123,-0.13637537717354231,0.61845063705719383,0.80768845851054549,2
0.60544343361177122,-0.59095996775200665,1.0105250031915658,1.2054556884199799,2
1.555158623591022,-0.13637537717354231,1.1225462506585295,0.54251030523758947,2
1.7925874210858348,-0.59095996775200665,1.2905781218589747,0.94027753514702339,2
2.3861594148228669,1.6819629851403128,1.4586099930594203,1.0728666117835015,2
0.60544343361177122,-0.59095996775200665,1.0105250031915658,1.338044765056458,2
0.4867290348643642,-0.59095996775200665,0.73047188452415701,0.40992122860111124,2
0.24930023736955123,-1.0455445583304699,1.0105250031915658,0.27733215196463307,2
2.1487306173280536,-0.13637537717354231,1.2905781218589747,1.4706338416929357,2
0.4867290348643642,0.77279380398338526,1.0105250031915658,1.6032229183294138,2
0.60544343361177122,0.090916918115689832,0.95451437945808426,0.80768845851054549,2
0.13058583862214529,-0.13637537717354231,0.56244001332371185,0.80768845851054549,2
1.199015427348803,0.090916918115689832,0.89850375572460273,1.2054556884199799,2
