-0.99987409939058125,-0.96850514342077076,0.23280820506624877,0.51199596846944118
-0.85676272981800139,0.11697671632282436,-0.65285160369239748,0.5372082978866588
-0.7054992790799588,-0.79708520206622779,-0.066179138841107488,0.22863177731394987
0.35791438282467425,0.23730502068065107,-0.30381498136557639,0.37747330690182629
0.4118742395658046,-0.96179286460392177,-0.95926857483573258,1.1915469228821032
0.57631179015152156,-0.58491217694245279,0.54748094477690756,-0.11136264635983328
-0.85051875491626561,0.99484611744992435,0.10993125452660024,0.38587633344940037
0.77990504796616733,-0.35190344811417162,0.70077923662029207,-0.43056149864860105
-0.97921622428111732,-0.27257607434876263,0.13646216946654022,0.19573592853353472
-0.84461082308553159,-0.52097977907396853,0.29065337707288563,-0.035180513212420272
-0.97321232059039176,0.58911610604263842,-0.97500097681768239,1.0721340210597989
0.34534420468844473,-0.29918803251348436,-0.54580045281909406,0.55758848719453247
0.61861955863423645,-0.46468903007917106,-0.61238223384134471,0.63496000740717606
-0.051341291749849916,-0.06221831520088017,0.41948295873589814,-0.31765200392289783
-0.43648609356023371,0.11049534729681909,-0.96157637634314597,0.52627160817175578
0.44744049455039203,0.60190215962938964,0.10429183603264391,0.22396730386786146
0.42786773177795112,0.24358803289942443,-0.34301778883673251,0.4151163010272913
0.63896771683357656,-0.81213619722984731,0.58769128727726638,-0.036776021787697233
-0.26785234152339399,-0.9532938206102699,-0.66325082420371473,0.70923067615370705
-0.062355240574106574,-0.82789613888598979,0.54934770497493446,-0.14136224853532617
-0.57341236737556756,-0.79755244846455753,-0.67240178561769426,0.58924221817318179
-0.56571879633702338,-0.88633044040761888,0.35736890905536711,-0.073943875145208643
0.72480342746712267,0.75118461740203202,-0.031310328515246511,0.30541568448418654
0.65029737935401499,0.85692579229362309,-0.33056574244983494,0.63027175414731418
0.91613543801940978,0.16273562633432448,0.089124305406585336,-0.20885915447053188
-0.3083997939247638,0.86868050252087414,0.28506383928470314,-0.028436627954309929
-0.31402842723764479,0.44780037575401366,0.41076344507746398,-0.33956451200524962
0.59591902256943285,0.83267268841154873,-0.90863493061624467,1.0420435216970367
-0.73675715713761747,0.85738078341819346,-0.84618293889798224,0.83792617715375162
-0.11505135172046721,-0.78797969524748623,0.97486144094727933,-0.49034555384287282
-0.21544275037012994,-0.75835521635599434,0.69319352484308183,-0.3549158689595967
0.7425394996535033,-0.15389922237955034,-0.29610218363814056,0.26048708797865805
-0.062272357055917382,-0.49806131352670491,0.34851605468429625,-0.17567820188302907
-0.93135893740691245,0.72993215755559504,-0.82013814128004014,0.9678481638241776
0.21817580261267722,0.98834908497519791,0.10765442042611539,0.41615511911784836
0.46902368380688131,0.97394036245532334,-0.21708337892778218,0.68335226833611651
-0.46880990988574922,0.69413126655854285,0.55457441764883697,-0.34745070313206483
0.4807540241163224,-0.47073442046530545,-0.88563715596683323,0.86006817858861584
-0.11971146543510258,0.76281613879837096,-0.022248137509450316,0.1898458003864186
0.77101652068085968,-0.90107651450671256,0.37538011674769223,0.080842953942110773
0.85589106869883835,0.4711644381750375,0.25810880842618644,-0.1655183346789954
-0.24262735224328935,-0.83550013764761388,-0.64737393404357135,0.62249866551225863
0.41493148845620453,-0.0015958335716277361,-0.713496821699664,0.64976415197849569
0.48490601847879589,0.58498999546281993,-0.44093225267715752,0.59677665007762826
-0.18932742974720895,-0.20981193496845663,0.70491616451181471,-0.56506747626794385
-0.88451837957836688,0.47384323901496828,-0.24690044741146266,0.37400056088146733
0.23043865826912224,0.72372050047852099,-0.14588597579859197,0.41705865898091987
0.7082063474226743,-0.28211196721531451,-0.29209453682415187,0.30623996946622517
-0.93697205628268421,-0.86364521575160325,0.92924726125784218,-0.16253920431173241
-0.32301043975166976,-0.8635308772791177,0.018312453059479594,0.15091152107803993
0.93243931909091771,0.9282814699690789,0.28317891084589064,-0.035885316679011153
-0.82221560855396092,-0.087835814571008086,0.95816988707520068,-0.63406114318299311
-0.54946495615877211,0.87149214348755777,0.064776323037222028,0.11643545418643178
0.11939875478856266,0.48051841952838004,0.46119405445642769,-0.17213900502520338
-0.06634239642880857,0.21603953815065324,0.38594933017157018,-0.28443290156535245
-0.23433914291672409,0.41069600288756192,0.34609236684627831,-0.28167078944744445
0.44708203128539026,-0.38335413974709809,-0.29129772423766553,0.41474253816025575
0.64075018023140728,-0.050029267789795995,0.61219425150193274,-0.31761323680914511
-0.87868245714344084,-0.49248542240820825,-0.16593710402958095,0.31656403274292361
-0.66801234823651612,0.99217291106469929,0.56067153462208807,-0.094238084138245248
0.83660401473753154,-0.12664354150183499,-0.48464260087348521,0.29553174128141707
-0.088378058979287744,0.98611395922489464,0.59032261068932712,-0.067894326458181553
0.12113285879604518,-0.071157298749312758,-0.21057774522341788,0.20857427314715571
0.20379235572181642,-0.78253291198052466,-0.94354804628528655,1.0005519004694676
0.24285401753149927,0.21745660877786577,-0.66897047008387744,0.59716283876399268
-0.56296040560118854,-0.097239157417789102,-0.78019348136149347,0.41117013489203597
0.38484394666738808,0.11885724379681051,-0.2152177665848285,0.3031274196180056
-0.1893923485185951,-0.31978073273785412,-0.65996549394913018,0.41361827958697989
0.15581279085017741,-0.17225395771674812,-0.11392784374766052,0.16649824472412517
-0.54568699724040926,-0.83192998520098627,0.079154423670843244,0.078584655363492087
-0.83762779436074197,0.85456697666086257,0.52180457464419305,-0.0218058662317962
-0.65375414374284446,0.4724672615993768,-0.62485475069843233,0.42334010902209362
0.25855600344948471,0.95567696844227612,0.4853037188295275,0.14106496103892063
-0.91693890956230462,0.1483166457619518,-0.21123907784931362,0.31494992062574068
-0.49016626575030386,0.52501870854757726,0.24836679943837225,-0.21446699326269753
0.5556467950809747,-0.081636281916871667,0.2409507252741605,-0.025418124323412061
-0.37784633436240256,-0.99759698403067887,-0.67191413906402886,0.72265207493507866
-0.76249919435940683,0.34093068982474506,0.7169472158420831,-0.48196246583296587
0.081109623657539487,0.59820369421504438,0.26189540675841272,-5.9790308295726291e-05
-0.87800373346544802,-0.96035251370631158,-0.13307246449403465,0.56453546764035301
0.39404418203048408,0.66832033894024789,-0.99194918223656714,1.0211004989713508
0.78543777321465313,0.41237082122825086,-0.036318541737273335,0.098524642058495787
0.083349592285230756,-0.081233019242063165,-0.71919721062295139,0.54728913094638509
-0.83734104479663074,0.54717731312848628,0.28287630132399499,-0.027248071456611817
0.26795097975991666,0.40490641002543271,-0.35849893209524453,0.43511380554433499
-0.33649811311624944,0.9492333501111716,-0.63149990211240947,0.66470006503412626
0.26111717824824154,-0.72426834213547409,0.22350260778330266,0.16968978532277598
0.18427758780308068,-0.92502939770929515,0.29037281754426658,0.22614338379614118
0.77719994797371328,0.53030374157242477,-0.30565775628201663,0.33948149121842819
0.13988123484887183,0.70650755171664059,-0.82077772938646376,0.84195657822273229
0.66991811362095177,-0.75368858384899795,0.10136733553372324,0.25069832483411392
-0.40797355468384922,0.66101352567784488,0.19203378376550972,-0.10931158850482461
-0.3082742493133992,0.80008868011645973,-0.53363868710584939,0.49890369927979256
0.14226013724692166,-0.59332676767371595,-0.069208223605528474,0.25808724398822214
0.33668329590000212,-0.94645817601121962,-0.4509394729975611,0.81178054976829617
-0.9134587065782398,-0.59758582967333496,-0.61757641262374818,0.72817459641035687
-0.49277258641086519,0.068524551345035434,0.21280564484186471,-0.29774606650686891
0.054330832557752728,0.14280235231854022,-0.35627945116721094,0.28458973611472399
-0.88830524706281722,-0.41921500186435878,-0.47493004822172225,0.51935443531376868
-0.016857507405802608,-0.44250868330709636,-0.37208414706401527,0.33035955555601237
0.039641277166083455,0.29045128519646823,0.43187778466381133,-0.2487988658735818
0.39714646548964083,0.17343825777061284,0.63533412641845644,-0.28424036515726542
-0.65090044937096536,-0.023342514643445611,0.60803261701948941,-0.53024078629479188
0.95411188551224768,0.86398157547228038,-0.67896671290509403,0.55607335792106416
0.01359014748595655,-0.32846570597030222,-0.70261852885596454,0.54178192394718372
0.16632091603241861,-0.0017774116713553667,-0.556815862422809,0.46925212394332028
-0.12728239712305367,0.81887365621514618,0.015124523779377341,0.19564292293509625
-0.67279490851797163,-0.48240685625933111,0.89076940878294408,-0.62321538939984034
0.56609573564492166,-0.62151169846765697,-0.49622892192564905,0.63978801368057692
-0.084658203413709998,-0.47312227985821664,0.62962436419911683,-0.39304288291941175
-0.644953005714342,-0.0095042327884584665,0.93037770339287817,-0.75908278155166731
0.38368204911239445,0.78422613651491702,-0.38694500247947872,0.66352072426629627
0.5905287351924926,0.49469565995968878,0.3674020089674741,-0.028772842793511444
0.3962082841899246,0.92178612924180925,0.38602842693217099,0.21800237092524616
-0.58642202592454851,0.67970323585905135,-0.56554797268472612,0.4488032716347104
-0.55526784691028297,-0.33764939033426344,0.36517752963118255,-0.35069414579716029
-0.61289986572228372,-0.10347947734408081,0.40572566236369312,-0.40198786893019978
-0.35817221994511783,-0.27010490768589079,0.19926153379492462,-0.25262735032598532
-0.75835929275490344,-0.33470215718261898,-0.84169277991168201,0.60372680568760173
-0.32937180786393583,0.2463467565830797,-0.38477242062799633,0.15751520834751354
-0.043582432670518756,0.71627141325734556,-0.31956470874138176,0.40718820013316903
0.30973608023487031,-0.46173130464740098,0.15341835771687329,0.10898152743920619
-0.30578365898691118,0.14682836947031319,0.4184698152821511,-0.41432376253113934
0.29704279010184109,-0.56827294989489019,0.67532733944244683,-0.21600160276411434
0.47730118758045137,0.58375932811759412,-0.92943551135249436,0.93857579334991437
-0.69193162932060659,-0.62055097916163504,-0.50126408855430782,0.42397299596949356
-0.43983578425832093,-0.94495901628397405,0.50127633404918015,-0.14556138170984145
0.42093242169357836,-0.26388352108187973,0.94807034754194319,-0.4849952544153579
0.77963249641470611,-0.55547526921145618,-0.25772965024225414,0.31454287450372415
-0.60585974878631532,0.70563878514803946,0.30730933859013021,-0.1409635446650423
-0.32351486361585557,-0.71160617400892079,0.25350175448693335,-0.10956758549618315
-0.97993796481750906,0.86030603037215769,0.91982188983820379,-0.084983098500690746
-0.62469754670746624,0.31803040183149278,0.94058793806470931,-0.73527390817028271
0.86880970490165055,-0.90045367903076112,0.20829014456830919,0.088285368014554666
0.8046217926312238,0.7608320398721844,-0.32858504797331989,0.44712642153615345
-0.4596227987203747,0.63157804240472615,-0.92334416671656072,0.65376324593774893
0.2948149295989424,-0.19979646033607423,-0.38497774512507021,0.41236006617144039
0.081092215375974774,-0.92049717041663826,-0.10128429275937378,0.44994452240362598
-0.4491226386744529,-0.1653302910272032,-0.64498546929098666,0.31033658441834322
0.67215369292534888,0.40995036135427654,-0.86911145434714854,0.76874041487739309
0.53530509420670569,-0.41850773082114756,0.18526209122501314,0.085314570593698708
-0.81072534411214292,0.50169688067398965,-0.27865282655693591,0.31667018950824327
-0.75779339135624468,-0.17036483460105956,0.89951709914021194,-0.64881821081253532
-0.046128287212923169,0.81573104276321828,0.2611409688834101,0.060382553938569533
-0.17163047310896218,-0.69051083433441818,-0.71879769093357027,0.61210980975932083
-0.6405326200183481,0.16775731672532856,-0.36414514132775366,0.1561315184886729
0.62253022403456271,0.1259492130484432,-0.78988199424929917,0.67752156702851618
-0.088484109146520495,-0.4578628393355757,-0.11283550574444234,0.11915237595252616
0.99615496094338596,-0.42179354303516448,0.8907427464146167,-0.84508586800798802
0.31198871158994734,-0.48495484539307654,-0.78032147162593901,0.77199744152737459
0.79893109970726073,-0.54216855182312429,0.60141937877051532,-0.31190968171651834
-0.93891887250356376,0.58882335596717894,-0.59548905747942626,0.74824523546733823
0.29459835705347359,-0.69270493346266448,0.28615865739993751,0.11847004126935529
-0.43268523295409977,0.9318915216717869,0.96795091149397194,-0.48173487558091882
-0.01331427856348455,-0.7560329872649163,0.11751513439230621,0.13971850595460297
0.56471120123751462,-0.77886509313248098,0.57392921089194715,-0.020811066479145435
-0.53570224228315055,0.95577556430362165,-0.98477422795258462,0.90988094194141333
0.61655967007391155,0.5909581792075187,-0.5182559376116842,0.62324555077153088
0.20079872640781105,0.50221971073187888,-0.62514845631085336,0.63241615339509116
-0.51224033557809889,0.10016977856867015,-0.67816809169016778,0.33013654966900696
-0.86819566995836794,-0.88489401643164456,0.089811375131830573,0.33978068978257264
0.96108634141273797,0.045072582317516208,-0.22093500546179712,-0.074184043852821874
0.023726974381133914,-0.52730427240021527,0.32349714427255094,-0.10337528157038942
0.79547490389086306,-0.24269725405611098,0.46121379244141281,-0.30424011303289716
0.60363741707988083,0.84504687110893428,0.73016147851012647,-0.099614459882862993
-0.064957518363371491,0.10984101030044258,0.40576475509442389,-0.31146879921257886
0.33762788376770914,0.36320998682640493,-0.029199310345575213,0.21123239596431245
-0.28268214617855847,-0.41717932862229645,-0.28938008309341967,0.14891154433532139
0.82107520825229585,-0.64093673066236079,-0.88740369235165417,0.75320834164228523
0.5915072828065604,-0.18883437965996563,-0.90444406610913575,0.77756219275640381
-0.282088273903355,0.17409548093564808,-0.39087062259204686,0.16264646087534482
0.52504732622765005,-0.52040947484783828,-0.8304157902020961,0.83635131573806554
0.024272959912195802,-0.89785983390174806,-0.45555245666764677,0.65347267130941811
-0.67935931100510061,-0.34166589681990445,-0.004287458723410964,-0.039148941698378036
0.82437716913409531,0.47322701220400631,0.43111666361801326,-0.24821143159921727
0.7080249551218003,0.25341871450655162,0.43526336434297264,-0.20892941204254029
-0.49104277906008065,0.74795900587923825,0.87786794756539166,-0.54153051235427996
0.35146125848405063,-0.77850822522304952,0.8995623264927417,-0.24626438272952034
-0.23320413217879832,0.20768152154050767,-0.29222578159533441,0.11535471680817752
-0.22285761521197855,0.46701064822264016,-0.70303415250964463,0.47678934825262703
-0.36484717321582139,-0.63671804103069007,0.82776061329059303,-0.56083921478069199
-0.15872345701791346,-0.90173518355004489,-0.71234086179174483,0.74772640453289596
0.87597421440295875,0.49508980219252408,0.74150060745887458,-0.52074736592762916
0.71679850271902978,0.16322556021623313,0.67887115315534174,-0.40078643262036034
-0.35710414429195225,0.90162977646104991,0.79814362223260105,-0.37564680708845444
-0.32184914383105934,0.35183780617080629,-0.55319737014360726,0.30250100061929486
-0.3291057029273361,-0.24541406356729567,0.34850313398055732,-0.3558973208508428
-0.44240496936254203,-0.27388238185085356,-0.25469561317004263,0.056359832040510163
0.99015711317770183,-0.30912686814554036,0.20942958095110953,-0.38990720838784992
-0.41070866328664124,-0.98405364737845957,-0.89535243180580437,0.86416020055775489
-0.26107912813313305,0.53573691635392606,-0.64225202915258706,0.44807907917059753
-0.027240924770012498,0.97668670420534909,0.18863311153836548,0.23591929850120535
0.47111801593564451,0.8093568051699549,-0.56805367977358401,0.81156742063841114
0.1243487426545471,0.037264080485329032,0.94779075565747917,-0.60226191782460203
-0.7368881234433502,-0.55233879922889173,-0.318280283594504,0.29649001807999015
0.37606066535227001,0.83008248009718955,-0.58608438051305711,0.8313576805201055
-0.11010992364026606,-0.77739271498285234,0.57884696661494672,-0.21744406975368907
0.72473708004690707,-0.025482943980023265,0.14330327021889389,-0.042214943701658972
-0.66297414083965123,0.2279507506173104,-0.22771409316919744,0.081817530820813361
-0.0071092050056904554,-0.35831928462721407,-0.78604063880629838,0.59803121599976983
